{
  "display": {
    "icon": {
      "item": "stormlight_mod:shardblade"
    },
    "title": {
      "translate": "advancements.becominga_shardbearer.title"
    },
    "description": {
      "translate": "advancements.becominga_shardbearer.descr"
    },
    "frame": "challenge",
    "show_toast": true,
    "announce_to_chat": true,
    "hidden": false
  },
  "criteria": {
    "becominga_shardbearer": {
      "trigger": "minecraft:impossible"
    }
  },
  "rewards": {
    "experience": 10
  },
  "parent": "minecraft:story/obtain_armor"
}