{
  "display": {
    "icon": {
      "item": "stormlight_mod:dun_amethyst_broam"
    },
    "title": {
      "translate": "advancements.elsecallerlevel_1.title"
    },
    "description": {
      "translate": "advancements.elsecallerlevel_1.descr"
    },
    "frame": "challenge",
    "show_toast": true,
    "announce_to_chat": true,
    "hidden": false
  },
  "criteria": {
    "elsecallerlevel_1": {
      "trigger": "minecraft:impossible"
    }
  },
  "rewards": {
    "experience": 5
  },
  "parent": "stormlight_mod:radiant"
}