{
  "display": {
    "background": "minecraft:textures/block/stone.png",
    "icon": {
      "item": "stormlight_mod:unknown_element"
    },
    "title": {
      "translate": "advancements.infuse_stormlight_achievement.title"
    },
    "description": {
      "translate": "advancements.infuse_stormlight_achievement.descr"
    },
    "frame": "challenge",
    "show_toast": true,
    "announce_to_chat": true,
    "hidden": true
  },
  "criteria": {
    "infuse_stormlight_achievement": {
      "trigger": "minecraft:impossible"
    }
  },
  "rewards": {
    "experience": 10
  }
}