{
  "display": {
    "background": "minecraft:textures/block/stone.png",
    "icon": {
      "item": "stormlight_mod:shattered_plain_rock"
    },
    "title": {
      "translate": "advancements.intothe_shatteredplains.title"
    },
    "description": {
      "translate": "advancements.intothe_shatteredplains.descr"
    },
    "frame": "goal",
    "show_toast": true,
    "announce_to_chat": true,
    "hidden": false
  },
  "criteria": {
    "intothe_shatteredplains": {
      "trigger": "minecraft:location",
      "conditions": {
        "biome": "stormlight_mod:shattered_plains"
      }
    }
  },
  "rewards": {
    "experience": 10
  }
}