{
  "display": {
    "icon": {
      "item": "stormlight_mod:infused_garnet_broam"
    },
    "title": {
      "translate": "advancements.lightweaverlevel_1.title"
    },
    "description": {
      "translate": "advancements.lightweaverlevel_1.descr"
    },
    "frame": "challenge",
    "show_toast": true,
    "announce_to_chat": true,
    "hidden": false
  },
  "criteria": {
    "lightweaverlevel_1": {
      "trigger": "minecraft:inventory_changed",
      "conditions": {
        "items": [
          {
            "item": "minecraft:painting",
            "count": {
              "min": 1200,
              "max": 90000000000
            }
          }
        ]
      }
    }
  },
  "rewards": {
    "experience": 5
  },
  "parent": "stormlight_mod:radiant"
}