{
  "display": {
    "icon": {
      "item": "minecraft:book"
    },
    "title": {
      "translate": "advancements.makeabook.title"
    },
    "description": {
      "translate": "advancements.makeabook.descr"
    },
    "frame": "task",
    "show_toast": true,
    "announce_to_chat": true,
    "hidden": true
  },
  "criteria": {
    "makeabook": {
      "trigger": "minecraft:inventory_changed",
      "conditions": {
        "items": [
          {
            "item": "minecraft:book",
            "count": {
              "min": 128,
              "max": 1000000
            }
          }
        ]
      }
    }
  },
  "rewards": {
    "experience": 1
  },
  "parent": "minecraft:adventure/trade"
}