{
  "display": {
    "background": "minecraft:textures/block/stone.png",
    "icon": {
      "item": "stormlight_mod:dun_sapphire_broam"
    },
    "title": {
      "translate": "advancements.radiant.title"
    },
    "description": {
      "translate": "advancements.radiant.descr"
    },
    "frame": "challenge",
    "show_toast": true,
    "announce_to_chat": true,
    "hidden": true
  },
  "criteria": {
    "radiant": {
      "trigger": "minecraft:impossible"
    }
  },
  "rewards": {
    "experience": 10
  }
}