{
  "display": {
    "icon": {
      "item": "minecraft:experience_bottle"
    },
    "title": {
      "translate": "advancements.self_improvement.title"
    },
    "description": {
      "translate": "advancements.self_improvement.descr"
    },
    "frame": "challenge",
    "show_toast": true,
    "announce_to_chat": true,
    "hidden": false
  },
  "criteria": {
    "self_improvement": {
      "trigger": "minecraft:impossible"
    }
  },
  "rewards": {
    "experience": 1
  },
  "parent": "stormlight_mod:radiant"
}