{
  "display": {
    "icon": {
      "item": "stormlight_mod:unknown_element"
    },
    "title": {
      "translate": "advancements.stonewardlevel_1.title"
    },
    "description": {
      "translate": "advancements.stonewardlevel_1.descr"
    },
    "frame": "challenge",
    "show_toast": true,
    "announce_to_chat": true,
    "hidden": false
  },
  "criteria": {
    "stonewardlevel_1": {
      "trigger": "minecraft:impossible"
    }
  },
  "rewards": {
    "experience": 5
  },
  "parent": "stormlight_mod:radiant"
}