{
  "_fv": 13,
  "_type": "armor",
  "definition": {
    "enableHelmet": false,
    "textureHelmet": "havahelmet",
    "enableBody": true,
    "textureBody": "vorin_havah_blue",
    "enableLeggings": false,
    "textureLeggings": "",
    "enableBoots": false,
    "textureBoots": "",
    "creativeTab": {
      "value": "COMBAT"
    },
    "armorTextureFile": "vorin_havah_blue_",
    "helmetName": "Havah Helmet",
    "bodyName": "Havah Body",
    "leggingsName": "Havah Leggings",
    "bootsName": "Havah Boots",
    "helmetSpecialInfo": [],
    "bodySpecialInfo": [],
    "leggingsSpecialInfo": [],
    "bootsSpecialInfo": [],
    "helmetModelName": "Default",
    "helmetModelPart": "Helmet",
    "helmetModelTexture": "From armor",
    "bodyModelName": "Default",
    "bodyModelPart": "Body",
    "armsModelPartL": "Arms L",
    "armsModelPartR": "Arms R",
    "bodyModelTexture": "From armor",
    "leggingsModelName": "Default",
    "leggingsModelPartL": "Leggings L",
    "leggingsModelPartR": "Leggings R",
    "leggingsModelTexture": "From armor",
    "bootsModelName": "Default",
    "bootsModelPartL": "Boots L",
    "bootsModelPartR": "Boots R",
    "bootsModelTexture": "From armor",
    "maxDamage": 6,
    "damageValueHelmet": 1,
    "damageValueBody": 2,
    "damageValueLeggings": 2,
    "damageValueBoots": 1,
    "enchantability": 50,
    "toughness": 0.0,
    "equipSound": {
      "value": "block.cloth.step"
    },
    "repairItems": [
      {
        "value": "Blocks.WOOL#11"
      },
      {
        "value": "Blocks.WOOL#0"
      },
      {
        "value": "Blocks.WOOL#8"
      }
    ]
  }
}