{
  "_fv": 13,
  "_type": "item",
  "definition": {
    "renderType": 0,
    "texture": "topazbrome",
    "customModelName": "Normal",
    "name": "Infused Topaz Broam",
    "rarity": "COMMON",
    "creativeTab": {
      "value": "MISC"
    },
    "stackSize": 64,
    "enchantability": 0,
    "useDuration": 0,
    "toolType": 1.0,
    "damageCount": 0,
    "destroyAnyBlock": false,
    "stayInGridWhenCrafting": false,
    "damageOnCrafting": false,
    "enableMeleeDamage": false,
    "damageVsEntity": 0.0,
    "specialInfo": [
      "A small, glass sphere with a Large piece of Topaz set inside of it.The gem glows brightly with the light of a tiny storm"
    ],
    "hasGlow": true,
    "guiBoundTo": "<NONE>",
    "inventorySize": 9,
    "inventoryStackSize": 64,
    "onRightClickedInAir": {
      "name": "InfusedBroamRightClicked"
    }
  }
}