{
  "_fv": 13,
  "_type": "item",
  "definition": {
    "renderType": 0,
    "texture": "dundiamondchip",
    "customModelName": "Normal",
    "name": "Infused Diamond Chip",
    "rarity": "COMMON",
    "creativeTab": {
      "value": "MISC"
    },
    "stackSize": 64,
    "enchantability": 0,
    "useDuration": 0,
    "toolType": 1.0,
    "damageCount": 0,
    "recipeRemainder": {
      "value": ""
    },
    "destroyAnyBlock": false,
    "stayInGridWhenCrafting": false,
    "damageOnCrafting": false,
    "enableMeleeDamage": false,
    "damageVsEntity": 0.0,
    "specialInfo": [
      "A small, glass sphere with a small piece of diamond set inside of it. The gem glows brightly with the light of a tiny storm"
    ],
    "hasGlow": true,
    "guiBoundTo": "<NONE>",
    "inventorySize": 9,
    "inventoryStackSize": 64,
    "onItemInInventoryTick": {
      "name": "InfusedDiamondChipRightClicked"
    }
  }
}