{
  "_fv": 13,
  "_type": "achievement",
  "definition": {
    "achievementName": "Into the Shatteredplains",
    "achievementDescription": "Go into the Shatteredplains",
    "achievementIcon": {
      "value": "CUSTOM:ShatteredPlainRock"
    },
    "background": "Default",
    "disableDisplay": false,
    "showPopup": true,
    "announceToChat": true,
    "hideIfNotCompleted": false,
    "rewardLoot": [],
    "rewardRecipes": [],
    "rewardFunction": "No function",
    "rewardXP": 10,
    "achievementType": "goal",
    "parent": {
      "value": "No parent: root"
    },
    "triggerxml": "<xml xmlns=\"https://developers.google.com/blockly/xml\"><block type=\"biome_entered\" x=\"27\" y=\"55\"><field name=\"biome\">CUSTOM:ShatteredPlains</field><next><block type=\"advancement_trigger\" deletable=\"false\"/></next></block></xml>"
  }
}