{
  "_fv": 13,
  "_type": "achievement",
  "definition": {
    "achievementName": "Makeabook",
    "achievementDescription": "Make a book",
    "achievementIcon": {
      "value": "Items.BOOK"
    },
    "background": "Default",
    "disableDisplay": false,
    "showPopup": true,
    "announceToChat": true,
    "hideIfNotCompleted": true,
    "rewardLoot": [],
    "rewardRecipes": [],
    "rewardFunction": "No function",
    "rewardXP": 1,
    "achievementType": "task",
    "parent": {
      "value": "adventure/trade"
    },
    "triggerxml": "<xml xmlns=\"https://developers.google.com/blockly/xml\"><block type=\"item_in_inventory\" x=\"1\" y=\"34\"><value name=\"amount_l\"><block type=\"math_number\"><field name=\"NUM\">128</field></block></value><value name=\"amount_h\"><block type=\"math_number\"><field name=\"NUM\">1000000</field></block></value><value name=\"item\"><block type=\"mcitem_all\"><field name=\"value\">Items.BOOK</field></block></value><next><block type=\"advancement_trigger\" deletable=\"false\"/></next></block></xml>"
  }
}