{
  "_fv": 13,
  "_type": "armor",
  "definition": {
    "enableHelmet": true,
    "textureHelmet": "shardhelm",
    "enableBody": true,
    "textureBody": "shardplate",
    "enableLeggings": true,
    "textureLeggings": "shardleggings",
    "enableBoots": true,
    "textureBoots": "shardboots",
    "onHelmetTick": {
      "name": "ShardplateHelmetTickEvent"
    },
    "onBodyTick": {
      "name": "ShardplateBodyTickEvent"
    },
    "onLeggingsTick": {
      "name": "ShardplateLeggingsTickEvent"
    },
    "onBootsTick": {
      "name": "ShardplateBootsTickEvent"
    },
    "creativeTab": {
      "value": "COMBAT"
    },
    "armorTextureFile": "l1_shardplate_",
    "helmetName": "Shardplate Helmet",
    "bodyName": "Shardplate Body",
    "leggingsName": "Shardplate Leggings",
    "bootsName": "Shardplate Boots",
    "helmetSpecialInfo": [],
    "bodySpecialInfo": [],
    "leggingsSpecialInfo": [],
    "bootsSpecialInfo": [],
    "helmetModelName": "Default",
    "helmetModelPart": "Helmet",
    "helmetModelTexture": "From armor",
    "bodyModelName": "Default",
    "bodyModelPart": "Body",
    "armsModelPartL": "Arms L",
    "armsModelPartR": "Arms R",
    "bodyModelTexture": "From armor",
    "leggingsModelName": "Default",
    "leggingsModelPartL": "Leggings L",
    "leggingsModelPartR": "Leggings R",
    "leggingsModelTexture": "From armor",
    "bootsModelName": "Default",
    "bootsModelPartL": "Boots L",
    "bootsModelPartR": "Boots R",
    "bootsModelTexture": "From armor",
    "maxDamage": 25,
    "damageValueHelmet": 17,
    "damageValueBody": 20,
    "damageValueLeggings": 17,
    "damageValueBoots": 20,
    "enchantability": 10,
    "toughness": 5.0,
    "equipSound": {
      "value": "block.anvil.place"
    },
    "repairItems": []
  }
}