{
  "_fv": 13,
  "_type": "tool",
  "definition": {
    "renderType": 0,
    "texture": "shardblade1",
    "customModelName": "Normal",
    "name": "Sprenblade",
    "specialInfo": [
      "Your spren as a Shardblade"
    ],
    "creativeTab": {
      "value": "COMBAT"
    },
    "toolType": "MultiTool",
    "harvestLevel": 3,
    "efficiency": 10.5,
    "attackSpeed": 1.0,
    "enchantability": 10,
    "damageVsEntity": 31.0,
    "usageCount": 0,
    "blocksAffected": [],
    "hasGlow": true,
    "repairItems": [],
    "stayInGridWhenCrafting": false,
    "damageOnCrafting": false
  }
}