{
  "_fv": 13,
  "_type": "gui",
  "definition": {
    "type": 1,
    "width": 176,
    "height": 166,
    "inventoryOffsetX": 0,
    "inventoryOffsetY": 0,
    "renderBgLayer": true,
    "doesPauseGame": true,
    "components": [
      {
        "type": "label",
        "data": {
          "text": "I will seek truth",
          "color": {
            "value": -1,
            "falpha": 0.0
          },
          "name": "I will seek truth",
          "x": 170,
          "y": 74
        }
      },
      {
        "type": "button",
        "data": {
          "text": "SAY THE WORDS!",
          "onClick": {
            "name": "Truthwatcher"
          },
          "width": 140,
          "height": 20,
          "name": "SAY THE WORDS!",
          "x": 144,
          "y": 89
        }
      },
      {
        "type": "button",
        "data": {
          "text": "x",
          "onClick": {
            "name": "CloseGUI"
          },
          "width": 10,
          "height": 20,
          "name": "x",
          "x": 130,
          "y": 42
        }
      }
    ]
  }
}