{
  "_fv": 13,
  "_type": "food",
  "definition": {
    "renderType": 0,
    "texture": "uncookedcurry",
    "customModelName": "Normal",
    "name": "Uncookedcurry",
    "rarity": "COMMON",
    "specialInfo": [
      "Uncooked Curry"
    ],
    "creativeTab": {
      "value": "FOOD"
    },
    "stackSize": 64,
    "nutritionalValue": 2,
    "saturation": 0.0,
    "eatingSpeed": 30,
    "forDogs": true,
    "isAlwaysEdible": false,
    "animation": "eat",
    "hasGlow": false
  }
}