{
	"credit": "Made with Blockbench",
	"texture_size": [64, 64],
	"textures": {
		"0": "block/rockbud",
		"particle": "block/rockbud"
	},
	"elements": [
		{
			"from": [4, 0, 5],
			"to": [10, 6, 11],
			"rotation": {"angle": 0, "axis": "y", "origin": [12, 8, 13]},
			"faces": {
				"north": {"uv": [0, 0, 1.5, 1.5], "texture": "#0"},
				"east": {"uv": [0, 1.5, 1.5, 3], "texture": "#0"},
				"south": {"uv": [1.5, 1.5, 3, 3], "texture": "#0"},
				"west": {"uv": [1.5, 0, 3, 1.5], "texture": "#0"},
				"up": {"uv": [1.5, 4.5, 0, 3], "texture": "#0"},
				"down": {"uv": [3, 3, 1.5, 4.5], "texture": "#0"}
			}
		},
		{
			"from": [9, 0, 8],
			"to": [16, 1, 9],
			"rotation": {"angle": 0, "axis": "y", "origin": [13, 10, 1]},
			"faces": {
				"north": {"uv": [6, 7, 7.75, 7.25], "texture": "#0"},
				"east": {"uv": [2.25, 7.25, 2.5, 7.5], "texture": "#0"},
				"south": {"uv": [7, 0, 8.75, 0.25], "texture": "#0"},
				"west": {"uv": [2.5, 7.25, 2.75, 7.5], "texture": "#0"},
				"up": {"uv": [8.75, 0.5, 7, 0.25], "texture": "#0"},
				"down": {"uv": [8.75, 0.5, 7, 0.75], "texture": "#0"}
			}
		},
		{
			"from": [6, 0, 9],
			"to": [7, 1, 16],
			"rotation": {"angle": 0, "axis": "y", "origin": [-1, 10, 12]},
			"faces": {
				"north": {"uv": [2.75, 7.25, 3, 7.5], "texture": "#0"},
				"east": {"uv": [7, 0.75, 8.75, 1], "texture": "#0"},
				"south": {"uv": [7.25, 6.5, 7.5, 6.75], "texture": "#0"},
				"west": {"uv": [7, 1, 8.75, 1.25], "texture": "#0"},
				"up": {"uv": [7.25, 3, 7, 1.25], "texture": "#0"},
				"down": {"uv": [7.25, 3, 7, 4.75], "texture": "#0"}
			}
		},
		{
			"from": [6, 0, 1],
			"to": [7, 1, 8],
			"rotation": {"angle": 0, "axis": "y", "origin": [-1, 10, 4]},
			"faces": {
				"north": {"uv": [7.25, 6.75, 7.5, 7], "texture": "#0"},
				"east": {"uv": [7, 4.75, 8.75, 5], "texture": "#0"},
				"south": {"uv": [0, 7.5, 0.25, 7.75], "texture": "#0"},
				"west": {"uv": [7, 5, 8.75, 5.25], "texture": "#0"},
				"up": {"uv": [7.25, 7, 7, 5.25], "texture": "#0"},
				"down": {"uv": [2.25, 7.25, 2, 9], "texture": "#0"}
			}
		},
		{
			"from": [-2, 0, 8],
			"to": [5, 1, 9],
			"rotation": {"angle": 0, "axis": "y", "origin": [1, 10, 16]},
			"faces": {
				"north": {"uv": [6, 7.25, 7.75, 7.5], "texture": "#0"},
				"east": {"uv": [0.25, 7.5, 0.5, 7.75], "texture": "#0"},
				"south": {"uv": [7.25, 1.25, 9, 1.5], "texture": "#0"},
				"west": {"uv": [0.5, 7.5, 0.75, 7.75], "texture": "#0"},
				"up": {"uv": [9, 1.75, 7.25, 1.5], "texture": "#0"},
				"down": {"uv": [9, 1.75, 7.25, 2], "texture": "#0"}
			}
		},
		{
			"from": [6, 0, 9],
			"to": [13, 1, 10],
			"rotation": {"angle": 45, "axis": "y", "origin": [9, 10, 17]},
			"faces": {
				"north": {"uv": [7.25, 2, 9, 2.25], "texture": "#0"},
				"east": {"uv": [0.75, 7.5, 1, 7.75], "texture": "#0"},
				"south": {"uv": [7.25, 2.25, 9, 2.5], "texture": "#0"},
				"west": {"uv": [1, 7.5, 1.25, 7.75], "texture": "#0"},
				"up": {"uv": [9, 2.75, 7.25, 2.5], "texture": "#0"},
				"down": {"uv": [9, 2.75, 7.25, 3], "texture": "#0"}
			}
		},
		{
			"from": [11, 0, 3],
			"to": [18, 1, 4],
			"rotation": {"angle": 45, "axis": "y", "origin": [14, 10, 11]},
			"faces": {
				"north": {"uv": [7.25, 3, 9, 3.25], "texture": "#0"},
				"east": {"uv": [1.25, 7.5, 1.5, 7.75], "texture": "#0"},
				"south": {"uv": [7.25, 3.25, 9, 3.5], "texture": "#0"},
				"west": {"uv": [1.5, 7.5, 1.75, 7.75], "texture": "#0"},
				"up": {"uv": [9, 3.75, 7.25, 3.5], "texture": "#0"},
				"down": {"uv": [9, 3.75, 7.25, 4], "texture": "#0"}
			}
		},
		{
			"from": [10, 0, 11],
			"to": [17, 1, 12],
			"rotation": {"angle": -22.5, "axis": "y", "origin": [14, 10, 4]},
			"faces": {
				"north": {"uv": [7.25, 4, 9, 4.25], "texture": "#0"},
				"east": {"uv": [1.75, 7.5, 2, 7.75], "texture": "#0"},
				"south": {"uv": [7.25, 4.25, 9, 4.5], "texture": "#0"},
				"west": {"uv": [2.25, 7.5, 2.5, 7.75], "texture": "#0"},
				"up": {"uv": [9, 4.75, 7.25, 4.5], "texture": "#0"},
				"down": {"uv": [9, 5.25, 7.25, 5.5], "texture": "#0"}
			}
		},
		{
			"from": [2, 0, 5],
			"to": [9, 1, 6],
			"rotation": {"angle": -22.5, "axis": "y", "origin": [6, 10, -2]},
			"faces": {
				"north": {"uv": [7.25, 5.5, 9, 5.75], "texture": "#0"},
				"east": {"uv": [2.5, 7.5, 2.75, 7.75], "texture": "#0"},
				"south": {"uv": [7.25, 5.75, 9, 6], "texture": "#0"},
				"west": {"uv": [2.75, 7.5, 3, 7.75], "texture": "#0"},
				"up": {"uv": [9, 6.25, 7.25, 6], "texture": "#0"},
				"down": {"uv": [9, 6.25, 7.25, 6.5], "texture": "#0"}
			}
		},
		{
			"from": [5, 1, 4],
			"to": [9, 5, 12],
			"rotation": {"angle": 0, "axis": "y", "origin": [13, 9, 12]},
			"faces": {
				"north": {"uv": [6, 6, 7, 7], "texture": "#0"},
				"east": {"uv": [3, 3, 5, 4], "texture": "#0"},
				"south": {"uv": [6, 1, 7, 2], "texture": "#0"},
				"west": {"uv": [3, 0, 5, 1], "texture": "#0"},
				"up": {"uv": [4, 3, 3, 1], "texture": "#0"},
				"down": {"uv": [4, 4, 3, 6], "texture": "#0"}
			}
		},
		{
			"from": [3, 1, 6],
			"to": [11, 5, 10],
			"rotation": {"angle": 0, "axis": "y", "origin": [11, 9, 2]},
			"faces": {
				"north": {"uv": [4, 4, 6, 5], "texture": "#0"},
				"east": {"uv": [6, 2, 7, 3], "texture": "#0"},
				"south": {"uv": [4, 1, 6, 2], "texture": "#0"},
				"west": {"uv": [6, 4, 7, 5], "texture": "#0"},
				"up": {"uv": [6, 3, 4, 2], "texture": "#0"},
				"down": {"uv": [2, 4.5, 0, 5.5], "texture": "#0"}
			}
		},
		{
			"from": [3, 1, 6],
			"to": [11, 5, 10],
			"rotation": {"angle": 0, "axis": "y", "origin": [11, 9, 2]},
			"faces": {
				"north": {"uv": [4, 5, 6, 6], "texture": "#0"},
				"east": {"uv": [6, 5, 7, 6], "texture": "#0"},
				"south": {"uv": [5, 0, 7, 1], "texture": "#0"},
				"west": {"uv": [2, 6.25, 3, 7.25], "texture": "#0"},
				"up": {"uv": [7, 4, 5, 3], "texture": "#0"},
				"down": {"uv": [2, 5.5, 0, 6.5], "texture": "#0"}
			}
		},
		{
			"from": [5, 0, 6],
			"to": [9, 7, 10],
			"rotation": {"angle": 0, "axis": "y", "origin": [13, -1, 14]},
			"faces": {
				"north": {"uv": [2, 4.5, 3, 6.25], "texture": "#0"},
				"east": {"uv": [3, 6, 4, 7.75], "texture": "#0"},
				"south": {"uv": [4, 6, 5, 7.75], "texture": "#0"},
				"west": {"uv": [5, 6, 6, 7.75], "texture": "#0"},
				"up": {"uv": [1, 7.5, 0, 6.5], "texture": "#0"},
				"down": {"uv": [2, 6.5, 1, 7.5], "texture": "#0"}
			}
		}
	]
}