{
	"credit": "Made with Blockbench",
	"texture_size": [64, 64],
	"textures": {
		"2": "block/texture",
		"particle": "block/texture"
	},
	"elements": [
		{
			"from": [0, 11, 3],
			"to": [1, 12, 4],
			"rotation": {"angle": 22.5, "axis": "x", "origin": [0.5, 11.5, 3.5]},
			"faces": {
				"north": {"uv": [1, 0.75, 1.25, 1], "texture": "#2"},
				"east": {"uv": [1.5, 1.25, 1.75, 1.5], "texture": "#2"},
				"south": {"uv": [2.25, 1, 2.5, 1.25], "texture": "#2"},
				"west": {"uv": [2.25, 1.25, 2.5, 1.5], "texture": "#2"},
				"up": {"uv": [2.5, 1.75, 2.25, 1.5], "texture": "#2"},
				"down": {"uv": [2.5, 1.75, 2.25, 2], "texture": "#2"}
			}
		},
		{
			"from": [0, -1, 1],
			"to": [0.5, 29, 3],
			"rotation": {"angle": 45, "axis": "x", "origin": [8, 7, 9]},
			"faces": {
				"north": {"uv": [1, 1, 1.25, 8.5], "texture": "#2"},
				"east": {"uv": [0, 0, 0.5, 7.5], "texture": "#2"},
				"south": {"uv": [1.25, 1.25, 1.5, 8.75], "texture": "#2"},
				"west": {"uv": [0.5, 0.5, 1, 8], "texture": "#2"},
				"up": {"uv": [1.75, 2.75, 1.5, 2.25], "texture": "#2"},
				"down": {"uv": [2, 2.25, 1.75, 2.75], "texture": "#2"}
			}
		},
		{
			"from": [0, 15, 7],
			"to": [1, 18, 10],
			"rotation": {"angle": 0, "axis": "x", "origin": [0.5, 15.5, 7.5]},
			"faces": {
				"north": {"uv": [1.75, 0, 2, 0.75], "texture": "#2"},
				"east": {"uv": [1, 0, 1.75, 0.75], "texture": "#2"},
				"south": {"uv": [1.75, 0.75, 2, 1.5], "texture": "#2"},
				"west": {"uv": [1.5, 1.5, 2.25, 2.25], "texture": "#2"},
				"up": {"uv": [2.25, 0.75, 2, 0], "texture": "#2"},
				"down": {"uv": [2.25, 0.75, 2, 1.5], "texture": "#2"}
			}
		},
		{
			"from": [0, 15, 7],
			"to": [1, 18, 10],
			"rotation": {"angle": 0, "axis": "x", "origin": [0.5, 15.5, 7.5]},
			"faces": {
				"north": {"uv": [1.75, 0, 2, 0.75], "texture": "#2"},
				"east": {"uv": [1, 0, 1.75, 0.75], "texture": "#2"},
				"south": {"uv": [1.75, 0.75, 2, 1.5], "texture": "#2"},
				"west": {"uv": [1.5, 1.5, 2.25, 2.25], "texture": "#2"},
				"up": {"uv": [2.25, 0.75, 2, 0], "texture": "#2"},
				"down": {"uv": [2.25, 0.75, 2, 1.5], "texture": "#2"}
			}
		},
		{
			"from": [0, 26, 18],
			"to": [1, 28, 20],
			"rotation": {"angle": 0, "axis": "x", "origin": [0.5, 27.5, 18.5]},
			"faces": {
				"north": {"uv": [2, 2.25, 2.25, 2.75], "texture": "#2"},
				"east": {"uv": [0.5, 0, 1, 0.5], "texture": "#2"},
				"south": {"uv": [2.25, 2.25, 2.5, 2.75], "texture": "#2"},
				"west": {"uv": [1.25, 0.75, 1.75, 1.25], "texture": "#2"},
				"up": {"uv": [2.5, 0.5, 2.25, 0], "texture": "#2"},
				"down": {"uv": [2.5, 0.5, 2.25, 1], "texture": "#2"}
			}
		},
		{
			"from": [0, 11, 2],
			"to": [1, 12, 3],
			"rotation": {"angle": -22.5, "axis": "x", "origin": [0.5, 11.5, 2.5]},
			"faces": {
				"north": {"uv": [2.25, 2, 2.5, 2.25], "texture": "#2"},
				"east": {"uv": [2.5, 2.5, 2.75, 2.75], "texture": "#2"},
				"south": {"uv": [2.5, 0, 2.75, 0.25], "texture": "#2"},
				"west": {"uv": [2.5, 0.25, 2.75, 0.5], "texture": "#2"},
				"up": {"uv": [2.75, 0.75, 2.5, 0.5], "texture": "#2"},
				"down": {"uv": [2.75, 0.75, 2.5, 1], "texture": "#2"}
			}
		},
		{
			"from": [0, 11, 2],
			"to": [1, 12, 3],
			"rotation": {"angle": 0, "axis": "x", "origin": [0.5, 11.5, 2.5]},
			"faces": {
				"north": {"uv": [2.75, 3, 2.5, 2.75], "rotation": 180, "texture": "#2"},
				"east": {"uv": [1.75, 2.75, 2, 3], "rotation": 90, "texture": "#2"},
				"south": {"uv": [3, 2.75, 2.75, 3], "texture": "#2"},
				"west": {"uv": [2.25, 2.75, 2.5, 3], "rotation": 270, "texture": "#2"},
				"up": {"uv": [2, 2.75, 2.25, 3], "texture": "#2"},
				"down": {"uv": [1.5, 2.75, 1.75, 3], "rotation": 180, "texture": "#2"}
			}
		},
		{
			"from": [0, 11, 2],
			"to": [1, 12, 3],
			"rotation": {"angle": 22.5, "axis": "x", "origin": [0.5, 11.5, 2.5]},
			"faces": {
				"north": {"uv": [2.75, 0, 3, 0.25], "texture": "#2"},
				"east": {"uv": [2.75, 0.25, 3, 0.5], "texture": "#2"},
				"south": {"uv": [2.75, 0.5, 3, 0.75], "texture": "#2"},
				"west": {"uv": [2.75, 0.75, 3, 1], "texture": "#2"},
				"up": {"uv": [3, 1.25, 2.75, 1], "texture": "#2"},
				"down": {"uv": [3, 1.25, 2.75, 1.5], "texture": "#2"}
			}
		},
		{
			"from": [0, 11, 1],
			"to": [1, 12, 2],
			"rotation": {"angle": 0, "axis": "x", "origin": [0.5, 11.5, 1.5]},
			"faces": {
				"north": {"uv": [3, 3.25, 2.75, 3], "rotation": 180, "texture": "#2"},
				"east": {"uv": [2, 3, 2.25, 3.25], "rotation": 90, "texture": "#2"},
				"south": {"uv": [3.25, 3, 3, 3.25], "texture": "#2"},
				"west": {"uv": [2.5, 3, 2.75, 3.25], "rotation": 270, "texture": "#2"},
				"up": {"uv": [2.25, 3, 2.5, 3.25], "texture": "#2"},
				"down": {"uv": [1.75, 3, 2, 3.25], "rotation": 180, "texture": "#2"}
			}
		},
		{
			"from": [0, 12, 1],
			"to": [1, 13, 2],
			"rotation": {"angle": 0, "axis": "x", "origin": [0.5, 12.5, 1.5]},
			"faces": {
				"north": {"uv": [3, 3.25, 2.75, 3], "rotation": 180, "texture": "#2"},
				"east": {"uv": [2, 3, 2.25, 3.25], "rotation": 90, "texture": "#2"},
				"south": {"uv": [3.25, 3, 3, 3.25], "texture": "#2"},
				"west": {"uv": [2.5, 3, 2.75, 3.25], "rotation": 270, "texture": "#2"},
				"up": {"uv": [2.25, 3, 2.5, 3.25], "texture": "#2"},
				"down": {"uv": [1.75, 3, 2, 3.25], "rotation": 180, "texture": "#2"}
			}
		},
		{
			"from": [0, 14, -2],
			"to": [1, 15, -1],
			"rotation": {"angle": 0, "axis": "x", "origin": [0.5, 14.5, -1.5]},
			"faces": {
				"north": {"uv": [3, 1.5, 3.25, 1.75], "texture": "#2"},
				"east": {"uv": [3, 1.75, 3.25, 2], "texture": "#2"},
				"south": {"uv": [3, 2, 3.25, 2.25], "texture": "#2"},
				"west": {"uv": [3, 2.25, 3.25, 2.5], "texture": "#2"},
				"up": {"uv": [3.25, 2.75, 3, 2.5], "texture": "#2"},
				"down": {"uv": [3.25, 2.75, 3, 3], "texture": "#2"}
			}
		},
		{
			"from": [0, 15, -2],
			"to": [1, 16, -1],
			"rotation": {"angle": 0, "axis": "x", "origin": [0.5, 15.5, -1.5]},
			"faces": {
				"north": {"uv": [3, 1.5, 3.25, 1.75], "texture": "#2"},
				"east": {"uv": [3, 1.75, 3.25, 2], "texture": "#2"},
				"south": {"uv": [3, 2, 3.25, 2.25], "texture": "#2"},
				"west": {"uv": [3, 2.25, 3.25, 2.5], "texture": "#2"},
				"up": {"uv": [3.25, 2.75, 3, 2.5], "texture": "#2"},
				"down": {"uv": [3.25, 2.75, 3, 3], "texture": "#2"}
			}
		},
		{
			"from": [0, 12, 0],
			"to": [1, 13, 1],
			"rotation": {"angle": 0, "axis": "x", "origin": [0.5, 12.5, 0.5]},
			"faces": {
				"north": {"uv": [2.75, 3.5, 2.5, 3.25], "rotation": 180, "texture": "#2"},
				"east": {"uv": [1.75, 3.25, 2, 3.5], "rotation": 90, "texture": "#2"},
				"south": {"uv": [3, 3.25, 2.75, 3.5], "texture": "#2"},
				"west": {"uv": [2.25, 3.25, 2.5, 3.5], "rotation": 270, "texture": "#2"},
				"up": {"uv": [2, 3.25, 2.25, 3.5], "texture": "#2"},
				"down": {"uv": [1.5, 3.25, 1.75, 3.5], "rotation": 180, "texture": "#2"}
			}
		},
		{
			"from": [0, 13, 0],
			"to": [1, 14, 1],
			"rotation": {"angle": 0, "axis": "x", "origin": [0.5, 13.5, 0.5]},
			"faces": {
				"north": {"uv": [2.75, 3.5, 2.5, 3.25], "rotation": 180, "texture": "#2"},
				"east": {"uv": [1.75, 3.25, 2, 3.5], "rotation": 90, "texture": "#2"},
				"south": {"uv": [3, 3.25, 2.75, 3.5], "texture": "#2"},
				"west": {"uv": [2.25, 3.25, 2.5, 3.5], "rotation": 270, "texture": "#2"},
				"up": {"uv": [2, 3.25, 2.25, 3.5], "texture": "#2"},
				"down": {"uv": [1.5, 3.25, 1.75, 3.5], "rotation": 180, "texture": "#2"}
			}
		},
		{
			"from": [0, 10, 3],
			"to": [1, 11, 4],
			"rotation": {"angle": -22.5, "axis": "x", "origin": [0.5, 10.5, 3.5]},
			"faces": {
				"north": {"uv": [3, 3.25, 3.25, 3.5], "texture": "#2"},
				"east": {"uv": [3.25, 3.25, 3.5, 3.5], "texture": "#2"},
				"south": {"uv": [3.25, 0, 3.5, 0.25], "texture": "#2"},
				"west": {"uv": [3.25, 0.25, 3.5, 0.5], "texture": "#2"},
				"up": {"uv": [3.5, 0.75, 3.25, 0.5], "texture": "#2"},
				"down": {"uv": [3.5, 0.75, 3.25, 1], "texture": "#2"}
			}
		},
		{
			"from": [0, 13, -1],
			"to": [1, 14, 0],
			"rotation": {"angle": 0, "axis": "x", "origin": [0.5, 13.5, -0.5]},
			"faces": {
				"north": {"uv": [3.25, 1, 3.5, 1.25], "texture": "#2"},
				"east": {"uv": [3.25, 1.25, 3.5, 1.5], "texture": "#2"},
				"south": {"uv": [3.25, 1.5, 3.5, 1.75], "texture": "#2"},
				"west": {"uv": [3.25, 1.75, 3.5, 2], "texture": "#2"},
				"up": {"uv": [3.5, 2.25, 3.25, 2], "texture": "#2"},
				"down": {"uv": [3.5, 2.25, 3.25, 2.5], "texture": "#2"}
			}
		},
		{
			"from": [0, 14, -1],
			"to": [1, 15, 0],
			"rotation": {"angle": 0, "axis": "x", "origin": [0.5, 14.5, -0.5]},
			"faces": {
				"north": {"uv": [3.25, 1, 3.5, 1.25], "texture": "#2"},
				"east": {"uv": [3.25, 1.25, 3.5, 1.5], "texture": "#2"},
				"south": {"uv": [3.25, 1.5, 3.5, 1.75], "texture": "#2"},
				"west": {"uv": [3.25, 1.75, 3.5, 2], "texture": "#2"},
				"up": {"uv": [3.5, 2.25, 3.25, 2], "texture": "#2"},
				"down": {"uv": [3.5, 2.25, 3.25, 2.5], "texture": "#2"}
			}
		},
		{
			"from": [0, 15, -3],
			"to": [1, 16, -2],
			"rotation": {"angle": 0, "axis": "x", "origin": [0.5, 15.5, -2.5]},
			"faces": {
				"north": {"uv": [3.5, 3.75, 3.25, 3.5], "rotation": 180, "texture": "#2"},
				"east": {"uv": [2.5, 3.5, 2.75, 3.75], "rotation": 90, "texture": "#2"},
				"south": {"uv": [3.75, 3.5, 3.5, 3.75], "texture": "#2"},
				"west": {"uv": [3, 3.5, 3.25, 3.75], "rotation": 270, "texture": "#2"},
				"up": {"uv": [2.75, 3.5, 3, 3.75], "texture": "#2"},
				"down": {"uv": [2.25, 3.5, 2.5, 3.75], "rotation": 180, "texture": "#2"}
			}
		},
		{
			"from": [0, 5, -3],
			"to": [1, 7, -1],
			"rotation": {"angle": 22.5, "axis": "x", "origin": [0.5, 5.5, -1.5]},
			"faces": {
				"north": {"uv": [3.5, 3.75, 3.25, 3.5], "rotation": 180, "texture": "#2"},
				"east": {"uv": [2.5, 3.5, 2.75, 3.75], "rotation": 90, "texture": "#2"},
				"south": {"uv": [3.75, 3.5, 3.5, 3.75], "texture": "#2"},
				"west": {"uv": [3, 3.5, 3.25, 3.75], "rotation": 270, "texture": "#2"},
				"up": {"uv": [2.75, 3.5, 3, 3.75], "texture": "#2"},
				"down": {"uv": [2.25, 3.5, 2.5, 3.75], "rotation": 180, "texture": "#2"}
			}
		},
		{
			"from": [0, 10, 3],
			"to": [1, 11, 4],
			"rotation": {"angle": 0, "axis": "x", "origin": [0.5, 10.5, 3.5]},
			"faces": {
				"north": {"uv": [2.25, 3.5, 2, 3.75], "rotation": 180, "texture": "#2"},
				"east": {"uv": [3.25, 2.75, 3.5, 3], "rotation": 270, "texture": "#2"},
				"south": {"uv": [2, 3.75, 1.75, 3.5], "texture": "#2"},
				"west": {"uv": [1.5, 3.5, 1.75, 3.75], "rotation": 90, "texture": "#2"},
				"up": {"uv": [3.25, 2.5, 3.5, 2.75], "rotation": 180, "texture": "#2"},
				"down": {"uv": [3.25, 3, 3.5, 3.25], "texture": "#2"}
			}
		},
		{
			"from": [0, 10, 3],
			"to": [1, 11, 4],
			"rotation": {"angle": 0, "axis": "x", "origin": [0.5, 10.5, 3.5]},
			"faces": {
				"north": {"uv": [3, 0, 3.25, 0.25], "texture": "#2"},
				"east": {"uv": [3, 0.25, 3.25, 0.5], "texture": "#2"},
				"south": {"uv": [3, 0.5, 3.25, 0.75], "texture": "#2"},
				"west": {"uv": [3, 0.75, 3.25, 1], "texture": "#2"},
				"up": {"uv": [3.25, 1.25, 3, 1], "texture": "#2"},
				"down": {"uv": [3.25, 1.25, 3, 1.5], "texture": "#2"}
			}
		},
		{
			"from": [0, 9, 4],
			"to": [1, 10, 5],
			"rotation": {"angle": 0, "axis": "x", "origin": [0.5, 9.5, 4.5]},
			"faces": {
				"north": {"uv": [2.5, 1, 2.75, 1.25], "texture": "#2"},
				"east": {"uv": [2.5, 1.25, 2.75, 1.5], "texture": "#2"},
				"south": {"uv": [2.5, 1.5, 2.75, 1.75], "texture": "#2"},
				"west": {"uv": [2.5, 1.75, 2.75, 2], "texture": "#2"},
				"up": {"uv": [2.75, 2.25, 2.5, 2], "texture": "#2"},
				"down": {"uv": [2.75, 2.25, 2.5, 2.5], "texture": "#2"}
			}
		},
		{
			"from": [0, 10, 4],
			"to": [1, 11, 5],
			"rotation": {"angle": 0, "axis": "x", "origin": [0.5, 10.5, 4.5]},
			"faces": {
				"north": {"uv": [2.5, 1, 2.75, 1.25], "texture": "#2"},
				"east": {"uv": [2.5, 1.25, 2.75, 1.5], "texture": "#2"},
				"south": {"uv": [2.5, 1.5, 2.75, 1.75], "texture": "#2"},
				"west": {"uv": [2.5, 1.75, 2.75, 2], "texture": "#2"},
				"up": {"uv": [2.75, 2.25, 2.5, 2], "texture": "#2"},
				"down": {"uv": [2.75, 2.25, 2.5, 2.5], "texture": "#2"}
			}
		},
		{
			"from": [0, 8, 5],
			"to": [1, 9, 6],
			"rotation": {"angle": 0, "axis": "x", "origin": [0.5, 8.5, 5.5]},
			"faces": {
				"north": {"uv": [2.75, 1.5, 3, 1.75], "texture": "#2"},
				"east": {"uv": [2.75, 1.75, 3, 2], "texture": "#2"},
				"south": {"uv": [2.75, 2, 3, 2.25], "texture": "#2"},
				"west": {"uv": [2.75, 2.25, 3, 2.5], "texture": "#2"},
				"up": {"uv": [3, 2.75, 2.75, 2.5], "texture": "#2"},
				"down": {"uv": [1.75, 3, 1.5, 3.25], "texture": "#2"}
			}
		},
		{
			"from": [0, 9, 5],
			"to": [1, 10, 6],
			"rotation": {"angle": 0, "axis": "x", "origin": [0.5, 9.5, 5.5]},
			"faces": {
				"north": {"uv": [2.75, 1.5, 3, 1.75], "texture": "#2"},
				"east": {"uv": [2.75, 1.75, 3, 2], "texture": "#2"},
				"south": {"uv": [2.75, 2, 3, 2.25], "texture": "#2"},
				"west": {"uv": [2.75, 2.25, 3, 2.5], "texture": "#2"},
				"up": {"uv": [3, 2.75, 2.75, 2.5], "texture": "#2"},
				"down": {"uv": [1.75, 3, 1.5, 3.25], "texture": "#2"}
			}
		},
		{
			"from": [0, 7, 6],
			"to": [1, 8, 7],
			"rotation": {"angle": 0, "axis": "x", "origin": [0.5, 7.5, 6.5]},
			"faces": {
				"north": {"uv": [2.75, 1.5, 3, 1.75], "texture": "#2"},
				"east": {"uv": [2.75, 1.75, 3, 2], "texture": "#2"},
				"south": {"uv": [2.75, 2, 3, 2.25], "texture": "#2"},
				"west": {"uv": [2.75, 2.25, 3, 2.5], "texture": "#2"},
				"up": {"uv": [3, 2.75, 2.75, 2.5], "texture": "#2"},
				"down": {"uv": [1.75, 3, 1.5, 3.25], "texture": "#2"}
			}
		},
		{
			"from": [0, 8, 6],
			"to": [1, 9, 7],
			"rotation": {"angle": 0, "axis": "x", "origin": [0.5, 8.5, 6.5]},
			"faces": {
				"north": {"uv": [2.75, 1.5, 3, 1.75], "texture": "#2"},
				"east": {"uv": [2.75, 1.75, 3, 2], "texture": "#2"},
				"south": {"uv": [2.75, 2, 3, 2.25], "texture": "#2"},
				"west": {"uv": [2.75, 2.25, 3, 2.5], "texture": "#2"},
				"up": {"uv": [3, 2.75, 2.75, 2.5], "texture": "#2"},
				"down": {"uv": [1.75, 3, 1.5, 3.25], "texture": "#2"}
			}
		},
		{
			"from": [0, 6, 7],
			"to": [1, 7, 8],
			"rotation": {"angle": 0, "axis": "x", "origin": [0.5, 6.5, 7.5]},
			"faces": {
				"north": {"uv": [2.75, 1.5, 3, 1.75], "texture": "#2"},
				"east": {"uv": [2.75, 1.75, 3, 2], "texture": "#2"},
				"south": {"uv": [2.75, 2, 3, 2.25], "texture": "#2"},
				"west": {"uv": [2.75, 2.25, 3, 2.5], "texture": "#2"},
				"up": {"uv": [3, 2.75, 2.75, 2.5], "texture": "#2"},
				"down": {"uv": [1.75, 3, 1.5, 3.25], "texture": "#2"}
			}
		},
		{
			"from": [0, 7, 7],
			"to": [1, 8, 8],
			"rotation": {"angle": 0, "axis": "x", "origin": [0.5, 7.5, 7.5]},
			"faces": {
				"north": {"uv": [2.75, 1.5, 3, 1.75], "texture": "#2"},
				"east": {"uv": [2.75, 1.75, 3, 2], "texture": "#2"},
				"south": {"uv": [2.75, 2, 3, 2.25], "texture": "#2"},
				"west": {"uv": [2.75, 2.25, 3, 2.5], "texture": "#2"},
				"up": {"uv": [3, 2.75, 2.75, 2.5], "texture": "#2"},
				"down": {"uv": [1.75, 3, 1.5, 3.25], "texture": "#2"}
			}
		}
	],
	"display": {
		"thirdperson_righthand": {
			"rotation": [-20, 0, 0],
			"translation": [7.5, 3.25, 9.25]
		}
	},
	"groups": [
		{
			"name": "group",
			"origin": [0.5, 15.5, 7.5],
			"children": [0, 1, 2, 3, 4, 5, 6, 7, 8, 9, 10, 11, 12, 13, 14, 15, 16, 17, 18]
		}, 19, 20, 21, 22, 23, 24, 25, 26, 27, 28]
}