{
  "_fv": 13,
  "_type": "gui",
  "definition": {
    "type": 0,
    "width": 176,
    "height": 166,
    "inventoryOffsetX": 0,
    "inventoryOffsetY": 0,
    "renderBgLayer": true,
    "doesPauseGame": false,
    "components": [
      {
        "type": "button",
        "data": {
          "text": "SAY THE WORDS!!!!!",
          "onClick": {
            "name": "InkSprenSpawn"
          },
          "width": 115,
          "height": 20,
          "name": "SAY THE WORDS!!!!!",
          "x": 154,
          "y": 106
        }
      },
      {
        "type": "label",
        "data": {
          "text": "I will seek self improvement",
          "color": {
            "value": -12829636,
            "falpha": 0.0
          },
          "name": "I will seek self improvement",
          "x": 147,
          "y": 80
        }
      }
    ]
  }
}