{
  "_fv": 13,
  "_type": "mob",
  "definition": {
    "mobName": "Honor Spren",
    "mobLabel": "Honor spren",
    "mobModelName": "Modelvex",
    "mobModelTexture": "syl11.png",
    "mobModelGlowTexture": "",
    "modelWidth": 0.6,
    "modelHeight": 1.8,
    "modelShadowSize": 0.5,
    "mountedYOffset": 0.0,
    "hasSpawnEgg": true,
    "spawnEggBaseColor": {
      "value": -16711681,
      "falpha": 0.0
    },
    "spawnEggDotColor": {
      "value": -16737844,
      "falpha": 0.0
    },
    "creativeTab": {
      "value": "MISC"
    },
    "isBoss": false,
    "bossBarColor": "PINK",
    "bossBarType": "PROGRESS",
    "equipmentMainHand": {
      "value": ""
    },
    "equipmentOffHand": {
      "value": ""
    },
    "equipmentHelmet": {
      "value": ""
    },
    "equipmentBody": {
      "value": ""
    },
    "equipmentLeggings": {
      "value": ""
    },
    "equipmentBoots": {
      "value": ""
    },
    "mobBehaviourType": "Creature",
    "mobCreatureType": "UNDEFINED",
    "attackStrength": 3,
    "attackKnockback": 0.0,
    "knockbackResistance": 0.0,
    "movementSpeed": 0.3,
    "armorBaseValue": 100.0,
    "trackingRange": 64,
    "health": 1000,
    "xpAmount": 0,
    "waterMob": false,
    "flyingMob": true,
    "guiBoundTo": "<NONE>",
    "inventorySize": 9,
    "inventoryStackSize": 64,
    "disableCollisions": false,
    "ridable": false,
    "canControlForward": false,
    "canControlStrafe": false,
    "immuneToFire": true,
    "immuneToArrows": true,
    "immuneToFallDamage": true,
    "immuneToCactus": true,
    "immuneToDrowning": true,
    "immuneToLightning": true,
    "immuneToPotions": true,
    "immuneToPlayer": true,
    "mobDrop": {
      "value": ""
    },
    "livingSound": {
      "value": "entity.vex.ambient"
    },
    "hurtSound": {
      "value": "entity.vex.hurt"
    },
    "deathSound": {
      "value": "entity.vex.death"
    },
    "stepSound": {
      "value": "entity.vex.charge"
    },
    "spawnParticles": false,
    "particleToSpawn": {
      "value": "END_ROD"
    },
    "particleSpawningShape": "Top",
    "particleSpawningRadious": 0.5,
    "particleAmount": 3,
    "onRightClickedOn": {
      "name": "HonorSprenRightClickedOnEntity"
    },
    "hasAI": true,
    "aiBase": "(none)",
    "aixml": "<xml xmlns=\"https://developers.google.com/blockly/xml\"><block type=\"aitasks_container\" deletable=\"false\" x=\"-97\" y=\"-72\"><next><block type=\"follow_owner\"><field name=\"speed\">0.3</field><field name=\"min_distance\">1</field><field name=\"max_distance\">2</field><field name=\"condition\">null,null</field><next><block type=\"watch_closest_entity\"><field name=\"radius\">12</field><field name=\"entity\">EntityPlayerMP</field><field name=\"condition\">null,null</field><next><block type=\"watch_closest_entity\"><field name=\"radius\">12</field><field name=\"entity\">EntityPlayer</field><field name=\"condition\">null,null</field><next><block type=\"fly\"><field name=\"speed\">1</field><field name=\"condition\">null,null</field><next><block type=\"look_around\"><field name=\"condition\">null,null</field><next><block type=\"swim_in_water\"><field name=\"condition\">null,null</field></block></next></block></next></block></next></block></next></block></next></block></next></block></xml>",
    "breedable": true,
    "tameable": true,
    "breedTriggerItems": [],
    "ranged": false,
    "rangedAttackItem": {
      "value": ""
    },
    "rangedItemType": "Default item",
    "spawnThisMob": true,
    "doesDespawnWhenIdle": false,
    "spawningProbability": 1,
    "mobSpawningType": "creature",
    "minNumberOfMobsPerGroup": 1,
    "maxNumberOfMobsPerGroup": 1,
    "restrictionBiomes": [
      {
        "value": "CUSTOM:Shadesmar"
      }
    ],
    "spawnInDungeons": false
  }
}