{
  "_fv": 13,
  "_type": "achievement",
  "definition": {
    "achievementName": "Into Shadesmar",
    "achievementDescription": "Enter into shadesmar",
    "achievementIcon": {
      "value": "CUSTOM:Shadesmar1"
    },
    "background": "Default",
    "disableDisplay": false,
    "showPopup": true,
    "announceToChat": true,
    "hideIfNotCompleted": false,
    "rewardLoot": [],
    "rewardRecipes": [],
    "rewardFunction": "No function",
    "rewardXP": 10,
    "achievementType": "goal",
    "parent": {
      "value": "end/enter_end_gateway"
    },
    "triggerxml": "<xml xmlns=\"https://developers.google.com/blockly/xml\"><block type=\"dimension_entered\" x=\"35\" y=\"57\"><field name=\"dimension\">CUSTOM:Shadesmar1</field><next><block type=\"advancement_trigger\" deletable=\"false\"/></next></block></xml>"
  }
}