{
  "_fv": 13,
  "_type": "achievement",
  "definition": {
    "achievementName": "Lightweaver",
    "achievementDescription": "Become a Lightweaver",
    "achievementIcon": {
      "value": "CUSTOM:InfusedGarnetBroam"
    },
    "background": "lightweaverglyphpixel.png",
    "disableDisplay": false,
    "showPopup": true,
    "announceToChat": true,
    "hideIfNotCompleted": false,
    "rewardLoot": [],
    "rewardRecipes": [],
    "rewardFunction": "No function",
    "rewardXP": 5,
    "achievementType": "challenge",
    "parent": {
      "value": "CUSTOM:Radiant"
    },
    "triggerxml": "<xml xmlns=\"https://developers.google.com/blockly/xml\"><block type=\"item_in_inventory\" x=\"40\" y=\"15\"><value name=\"amount_l\"><block type=\"math_number\"><field name=\"NUM\">1200</field></block></value><value name=\"amount_h\"><block type=\"math_number\"><field name=\"NUM\">90000000000</field></block></value><value name=\"item\"><block type=\"mcitem_all\"><field name=\"value\">Items.PAINTING</field></block></value><next><block type=\"advancement_trigger\" deletable=\"false\"></block></next></block><block type=\"custom_trigger\" x=\"6\" y=\"165\"></block></xml>"
  }
}