{
  "_fv": 13,
  "_type": "block",
  "definition": {
    "texture": "shatteredplainsrock2",
    "textureTop": "polluptry3",
    "textureLeft": "shatteredplainsrock2",
    "textureFront": "shatteredplainsrock2",
    "textureRight": "shatteredplainsrock2",
    "textureBack": "shatteredplainsrock2",
    "renderType": 10,
    "customModelName": "Normal",
    "rotationMode": 0,
    "emissiveRendering": false,
    "displayFluidOverlay": false,
    "itemTexture": "",
    "hasTransparency": false,
    "connectedSides": false,
    "transparencyType": "SOLID",
    "mx": 0.0,
    "my": 0.0,
    "mz": 0.0,
    "Mx": 1.0,
    "My": 1.0,
    "Mz": 1.0,
    "name": "Rock Bud Ground",
    "specialInfo": [],
    "hardness": 0.5,
    "resistance": 5.0,
    "hasGravity": false,
    "isWaterloggable": false,
    "creativeTab": {
      "value": "BUILDING_BLOCKS"
    },
    "destroyTool": "pickaxe",
    "customDrop": {
      "value": "CUSTOM:ShatteredPlainRock"
    },
    "dropAmount": 1,
    "useLootTableForDrops": false,
    "isBeaconBase": false,
    "enchantPowerBonus": 0.0,
    "plantsGrowOn": true,
    "canProvidePower": false,
    "lightOpacity": 255,
    "material": {
      "value": "GRASS"
    },
    "tickRate": 10,
    "tickRandomly": false,
    "isReplaceable": false,
    "colorOnMap": "DEFAULT",
    "creativePickItem": {
      "value": ""
    },
    "offsetType": "NONE",
    "aiPathNodeType": "DEFAULT",
    "flammability": 0,
    "fireSpreadSpeed": 0,
    "isLadder": false,
    "slipperiness": 0.7,
    "reactionToPushing": "NORMAL",
    "isNotColidable": false,
    "soundOnStep": {
      "value": "GROUND"
    },
    "luminance": 0.0,
    "unbreakable": false,
    "breakHarvestLevel": 1,
    "spawnParticles": false,
    "particleToSpawn": {
      "value": "EXPLOSION_NORMAL"
    },
    "particleSpawningShape": "Spread",
    "particleSpawningRadious": 0.5,
    "particleAmount": 4,
    "hasInventory": false,
    "guiBoundTo": "<NONE>",
    "openGUIOnRightClick": false,
    "inventorySize": 9,
    "inventoryStackSize": 64,
    "inventoryDropWhenDestroyed": true,
    "inventoryComparatorPower": true,
    "inventoryOutSlotIDs": [],
    "inventoryInSlotIDs": [],
    "hasEnergyStorage": false,
    "energyInitial": 0,
    "energyCapacity": 400000,
    "energyMaxReceive": 200,
    "energyMaxExtract": 200,
    "isFluidTank": false,
    "fluidCapacity": 8000,
    "fluidRestrictions": [],
    "spawnWorldTypes": [],
    "restrictionBiomes": [
      {
        "value": "CUSTOM:ShatteredPlains"
      }
    ],
    "blocksToReplace": [
      {
        "value": "Blocks.STONE"
      },
      {
        "value": "CUSTOM:ShatteredPlainRock"
      }
    ],
    "frequencyPerChunks": 10,
    "frequencyOnChunk": 16,
    "minGenerateHeight": 0,
    "maxGenerateHeight": 255
  }
}