{
  "_fv": 13,
  "_type": "biome",
  "definition": {
    "name": "Shadesmar",
    "groundBlock": {
      "value": "CUSTOM:ShadesmarObsidian"
    },
    "undergroundBlock": {
      "value": "CUSTOM:ShadesmarObsidian"
    },
    "treeType": 1,
    "vanillaTreeType": "Default",
    "minHeight": 6,
    "spawnVines": false,
    "treeVines": {
      "value": "Blocks.AIR"
    },
    "treeStem": {
      "value": "Blocks.OBSIDIAN"
    },
    "treeBranch": {
      "value": "Blocks.STAINED_GLASS#6"
    },
    "treeFruits": {
      "value": "Blocks.AIR"
    },
    "grassColor": {
      "value": -16382457,
      "falpha": 0.0
    },
    "foliageColor": {
      "value": -16382457,
      "falpha": 0.0
    },
    "waterColor": {
      "value": -16382457,
      "falpha": 0.0
    },
    "waterFogColor": {
      "value": -16382457,
      "falpha": 0.0
    },
    "treesPerChunk": 1,
    "grassPerChunk": 0,
    "seagrassPerChunk": 0,
    "flowersPerChunk": 0,
    "mushroomsPerChunk": 0,
    "bigMushroomsChunk": 0,
    "sandPathcesPerChunk": 0,
    "gravelPatchesPerChunk": 0,
    "reedsPerChunk": 0,
    "cactiPerChunk": 0,
    "rainingPossibility": 0.0,
    "temperature": 2.0,
    "baseHeight": 0.1,
    "heightVariation": 0.2,
    "spawnBiome": false,
    "biomeWeight": 200,
    "biomeType": "DESERT",
    "biomeCategory": "SWAMP",
    "parent": {
      "value": "No parent"
    },
    "spawnStronghold": true,
    "spawnMineshaft": true,
    "spawnPillagerOutpost": true,
    "villageType": "none",
    "spawnWoodlandMansion": false,
    "spawnJungleTemple": false,
    "spawnDesertPyramid": false,
    "spawnIgloo": false,
    "spawnOceanMonument": false,
    "spawnShipwreck": false,
    "oceanRuinType": "NONE",
    "biomeDictionaryTypes": [],
    "defaultFeatures": [
      "Caves",
      "MonsterRooms",
      "Structures",
      "Ores",
      "Lakes"
    ],
    "spawnEntries": []
  }
}