{
  "_fv": 13,
  "_type": "item",
  "definition": {
    "renderType": 0,
    "texture": "spherepouch",
    "customModelName": "Normal",
    "name": "Sphere Pouch",
    "rarity": "COMMON",
    "creativeTab": {
      "value": "MISC"
    },
    "stackSize": 1,
    "enchantability": 0,
    "useDuration": 0,
    "toolType": 1.0,
    "damageCount": 0,
    "recipeRemainder": {
      "value": ""
    },
    "destroyAnyBlock": false,
    "stayInGridWhenCrafting": false,
    "damageOnCrafting": false,
    "enableMeleeDamage": false,
    "damageVsEntity": 0.0,
    "specialInfo": [
      "This bag holds spheres"
    ],
    "hasGlow": false,
    "guiBoundTo": "SphereCageGUI",
    "inventorySize": 36,
    "inventoryStackSize": 64
  }
}