{
  "_fv": 13,
  "_type": "block",
  "definition": {
    "texture": "spherecage",
    "textureTop": "spherecage",
    "textureLeft": "spherecage",
    "textureFront": "spherecage",
    "textureRight": "spherecage",
    "textureBack": "spherecage",
    "renderType": 10,
    "customModelName": "Normal",
    "rotationMode": 0,
    "emissiveRendering": false,
    "displayFluidOverlay": false,
    "itemTexture": "",
    "particleTexture": "",
    "hasTransparency": true,
    "connectedSides": false,
    "transparencyType": "CUTOUT",
    "mx": 0.0,
    "my": 0.0,
    "mz": 0.0,
    "Mx": 1.0,
    "My": 1.0,
    "Mz": 1.0,
    "name": "Sphere Cage",
    "specialInfo": [],
    "hardness": 5.0,
    "resistance": 6.0,
    "hasGravity": false,
    "isWaterloggable": false,
    "creativeTab": {
      "value": "BUILDING_BLOCKS"
    },
    "destroyTool": "Not specified",
    "customDrop": {
      "value": ""
    },
    "dropAmount": 1,
    "useLootTableForDrops": false,
    "isBeaconBase": false,
    "enchantPowerBonus": 0.0,
    "plantsGrowOn": false,
    "canProvidePower": false,
    "lightOpacity": 0,
    "material": {
      "value": "IRON"
    },
    "tickRate": 10,
    "tickRandomly": false,
    "isReplaceable": false,
    "colorOnMap": "DEFAULT",
    "creativePickItem": {
      "value": ""
    },
    "offsetType": "NONE",
    "aiPathNodeType": "DEFAULT",
    "flammability": 0,
    "fireSpreadSpeed": 0,
    "isLadder": false,
    "slipperiness": 0.6,
    "reactionToPushing": "NORMAL",
    "isNotColidable": false,
    "soundOnStep": {
      "value": "METAL"
    },
    "luminance": 0.0,
    "unbreakable": false,
    "breakHarvestLevel": 2,
    "spawnParticles": false,
    "particleToSpawn": {
      "value": "CUSTOM:GlorySpren"
    },
    "particleSpawningShape": "Spread",
    "particleSpawningRadious": 0.5,
    "particleAmount": 4,
    "hasInventory": true,
    "guiBoundTo": "SphereCageGUI",
    "openGUIOnRightClick": true,
    "inventorySize": 36,
    "inventoryStackSize": 64,
    "inventoryDropWhenDestroyed": true,
    "inventoryComparatorPower": true,
    "inventoryOutSlotIDs": [],
    "inventoryInSlotIDs": [],
    "hasEnergyStorage": false,
    "energyInitial": 0,
    "energyCapacity": 400000,
    "energyMaxReceive": 200,
    "energyMaxExtract": 200,
    "isFluidTank": false,
    "fluidCapacity": 8000,
    "fluidRestrictions": [],
    "spawnWorldTypes": [],
    "restrictionBiomes": [],
    "blocksToReplace": [],
    "frequencyPerChunks": 1,
    "frequencyOnChunk": 1,
    "minGenerateHeight": 1,
    "maxGenerateHeight": 2
  }
}