{
  "_fv": 13,
  "_type": "overlay",
  "definition": {
    "priority": "NORMAL",
    "components": [
      {
        "type": "image",
        "data": {
          "image": "stormlight_gaugev2.png",
          "use1Xscale": false,
          "name": "stormlight_gaugev2.png",
          "x": 122,
          "y": 179
        }
      },
      {
        "type": "image",
        "data": {
          "image": "stormlightglyph.png",
          "use1Xscale": false,
          "name": "stormlightglyph.png",
          "x": 304,
          "y": 176
        }
      }
    ],
    "baseTexture": "",
    "displayCondition": {
      "name": "StormlightMeterOverlayDisplayOverlayIngame"
    }
  }
}