{
  "group": "stormlight_mod",
  "type": "minecraft:crafting_shaped",
  "pattern": [
    "012",
    "345",
    "678"
  ],
  "key": {
    "0": {
      "item": "minecraft:glass"
    },
    "1": {
      "item": "minecraft:glass"
    },
    "2": {
      "item": "minecraft:glass"
    },
    "3": {
      "item": "minecraft:glass"
    },
    "4": {
      "item": "minecraft:diamond"
    },
    "5": {
      "item": "minecraft:glass"
    },
    "6": {
      "item": "minecraft:glass"
    },
    "7": {
      "item": "minecraft:glass"
    },
    "8": {
      "item": "minecraft:glass"
    }
  },
  "result": {
    "item": "stormlight_mod:dun_diamond_broam",
    "count": 1
  }
}