{
  "group": "stormlight_mod",
  "type": "minecraft:crafting_shaped",
  "pattern": [
    "012",
    "3 5",
    "678"
  ],
  "key": {
    "0": {
      "item": "minecraft:iron_bars"
    },
    "1": {
      "item": "minecraft:iron_bars"
    },
    "2": {
      "item": "minecraft:iron_bars"
    },
    "3": {
      "item": "minecraft:iron_bars"
    },
    "5": {
      "item": "minecraft:iron_bars"
    },
    "6": {
      "item": "minecraft:iron_bars"
    },
    "7": {
      "item": "minecraft:iron_bars"
    },
    "8": {
      "item": "minecraft:iron_bars"
    }
  },
  "result": {
    "item": "stormlight_mod:sphere_cage",
    "count": 1
  }
}